inc,incLCI,incUCI,sd
0.0003,0.000225,0.000375,0.000038
